,Keyword:0,Keyword:1,Keyword:2,Keyword:3,Keyword:4,Keyword:5,Keyword:6,Keyword:7,Keyword:8,Keyword:9,Keyword:10,Keyword:11,Keyword:12,Keyword:13,Keyword:14,Keyword:15,Keyword:16,Keyword:17,Keyword:18,Keyword:19
0,merken mensen,hogere inkomens,gaat,doe,mensen,psychologische effect,inkomens,bedrijven,merken,effect,negen jaar,grote bedrijven,grote,negen,foutje,middenklasse,hogere,keer,gaan,dividendbelasting
1,kom,elkaar,vrede,dagelijkse dingetjes,gaan,mensen,bestaan,betekenis,heel,wijwater,munsterkerk,tijd,eigenlijk,zegt,god,dingetjes,augustinus,dagelijkse,heel erg,opgetild
2,klimaatwet gaan uitvoeren,miljard euro,kost het minimaal,gaan uitvoeren,klimaatwet gaan,miljard,euro,minimaal,uitvoeren,kost,klimaatwet,gaan,,,,,,,,
3,sri lanka,mensen,turken,sri,nederland,terroristen sri lanka,gaat,nos journaal,hotel,npo,turk,bodycams,vier,terroristen,sri lanka discussiert,nieuwe,zien,lanka,armeense,npo ondertiteling
4,sri lanka,terroristen sri lanka,mensen,sri,sri lanka discussiert,nos journaal,gaat,npo ondertiteling,npo,nederland,turken,hotel,cinnamon grand hotel,sri lankaanse,lanka,armeense,turk,bodycams,vier,terroristen
5,heel,mooi,natuur,kasteel,farinata,jaar,staatsbosbeheer,maken,heel mooi,mensen,soep,straks,beetje,zien,goed,mee,twee,nou,gaan,vind
6,mooi,soep,farinata,nou,pan,mosselen,maken,bakken,oven,heel,lekker,twee,gaat,straks,heel mooi,eventjes,kijk nou,goed,beetje,bouillon
7,ajax,npo,npo ondertiteling,winnen,champions league,johan cruijff arena,ajax komt vandaag,ajax komt,laatste,ondertiteling,scherpen,psv,kjell scherpen,janssen,vincent janssen,goed,nou,keeper kjell scherpen,vincent janssen viel,wedstrijd
8,the who,heel,veda,the,keith moon,maakt the who,gaat,jaar,who,heel erg,nee,the who begonnen,the who spelen,band the who,mensen,geld,echt,heel duidelijk,eigenlijk,dag
9,mevrouw timmer,mevrouw michels,mevrouw,meneer van doesum,timmer,mevrouw michels gaat,mevrouw timmer zit,goed,mevrouw michels zit,mevrouw michels zeggen,michels,doesum,meneer,gaat,hoeveel,zag mevrouw michels,ronde,mee,vraag,hoeveel mevrouw
10,nederland,steven anderson goed,steven anderson,gaat,gaan,vond steven anderson,schade,jinping,anderson,mensen,amerikaan steven anderson,turken,haag,app,krijgen,komt,sri lanka,anderson goed,buien,willen
11,jaar,gladio,fioravanti,mambro,terreur,leden,onderzoeksrechter felice casson,gewapende revolutionaire kern,explosieven,valerio fioravanti,elkaar,nar,bologna,extreem-rechtse,fascisten,italie,communisten,jaren,npo ondertiteling,veiligheidsdiensten
12,nee,heel,nou,euro,heel mooi,vind,goed,dank,mooi,heel leuk,heel mooi geschilderd,ilse,denk,kamer,leuk,fijn,gaan,heel goed,heel goed gedaan.,gaat
13,bauhaus,mart stam,nederland bauhaus,doesburg,npo ondertiteling,boijmans van beuningen,nederlandse,museum,bauhaus genoemd,mart,stam,bauhausler,mart stam trouwde,stijl,nederland,theo van doesburg,studenten,museum boijmans,vond het bauhaus,bijzondere
14,hendrik otten,henk otten,hendrik otten zegt,otten,henk otten gaat,hendrik otten zit,zegt hendrik otten,otten zegt,henk otten gevraagd,medeoprichter henk otten,baudet,henk otten besproken,mensen,waarschuwt hendrik otten,steven anderson,hendrik,gezegd,henk,gaan,komen
15,biomassa,henk otten,nederland,steven anderson,anderson,jaar,willen,henk otten gaat,gaan,steven anderson goed,otten,gaat,komt,koningsdag,nou,kamer,duurzaam,goed,henk,tweede
16,china,chinese,nederland,mensen,gaan,otten,seawatch,baudet,middellandse zee,chinese aio,chinese onderzoekers,henk otten,zee,europese,chinese overheid,schip,gaat,kabinet,jaar,jeroen de vries
17,sliedrecht,china,muur van hoei,sneek,sliedrecht won,keer,maakt china,hoei,breggen,sliedrecht zit,sliedrecht stevent,nac,muur,annemiek van vleuten,vleuten en anna,wint,waalse pijl,set,amstel gold,china niet links
18,henk otten,otten,china,gaan,baudet,nederland,mensen,seawatch,ing,schip,tweede,middellandse zee,aandeelhouders,zeggen,twee,mobiele,kamer,zorgen,sliedrecht,overhoop baudet zegt
19,vier,laatste twee keer,laatste twee,laatste keer,laatste,twee,laatste twee maal,laatste vier maal,drie,vier maal,terug,voren,twee keer,neer,vier stappen,kom,keer,laatste vier,stappen,wissel
20,heel goed,goed,kleine komedie,heel goed gedaan,amsterdams volkstoneel,gaan,arnhem,heel,jantjes,kleine,goed hoor,bejaarde,bejaarde militairen,goed gedaan,komedie,goed gezien,antwoord,heel goed gezien.,stap,amsterdams
21,schiphol,amerikaanse president trump,nachtvluchten,amerikaanse,kim,king,tweede kamer,poetin,leider kim jong-un,president trump,forum tweede kamerlid,tweede kamerlid theo,otten,kim jong-un,john king,king kreeg,amerikaanse president,tweede,kamer,amerikaanse staat texas
22,schiphol,king,king kreeg,tweede kamer,amerikaanse,nachtvluchten,forum tweede kamerlid,tweede kamerlid theo,kim,john king,amerikaanse president trump,john king geexecuteerd,leider kim jong-un,kim jong-un,kamerlid theo hiddema,amerikaanse staat texas,otten,henk otten,tweede,kamer
23,schiphol,leider kim jong-un,tweede kamer,kim jong-un,amerikaanse president trump,kim,nachtvluchten,amerikaanse,poetin,leider kim,nederlandse,president poetin,lufthansa op frankfurt,miljoen euro,fortuna sittard,londen heathrow,president trump,miljoen,amerikaanse president,nac
24,europese unie,europese,gaat,meneer jetten,europa,europese unie snel,mensen,tweede kamer,goedemorgen nederland,johan,unie,jetten,vandaag,europa gaat,trump,geld,gaan,jaar,amerikadeskundige willem post,rob jetten
25,schiphol,nachtvluchten,tweede kamer,miljoen,leider kim jong-un,miljoen euro,kim,kim jong-un,belasting,nederlandse,poetin,hub schiphol,president trump,lufthansa op frankfurt,kamer,frankfurt,tweede,klm,londen,londen heathrow
26,schiphol,tweede kamer,nachtvluchten,miljoen,miljoen euro,kamer,tweede,kim,leider kim jong-un,belasting,kim jong-un,mensen rond schiphol,poetin,nacht,hub schiphol,president trump,nederland,vliegtuigen,frankfurt,amerikaanse president trump
27,schiphol,kim jong-un,tweede kamer,leider kim jong-un,kim,nachtvluchten,fortuna sittard,amerikaanse,poetin,nac,poetin ontmoet kim,twee,miljoen euro,amerikaanse president trump,king,miljoen,facebook,ontmoet kim jong-un,politie,tweede
28,goedemorgen nederland,europa,amerikadeskundige willem post,meneer jetten,gaat,goedemorgen,geld,nederland,rob jetten,jetten,trump,willem post,johan,jaar,kim,amerikadeskundige willem,europa gaat,europese unie,donald trump,komt
29,ziekte,kinderen,fortnite,malaria,vandaag,johan cruyff arena,gaan,johan,wereld malaria dag,mee,kun,mensen,johan cruyff,jaar,malaria dag,groningen,wereld malaria,uur,miljoenen,naam johan
30,schiphol,tweede kamer,nac,nachtvluchten,king,feyenoord,amerikaanse,nac breda,twee,miljoen euro,miljoen,kim,politie,facebook,nederlandse,john king,amerikaanse president trump,amerikaanse staat texas,auto,betalen
31,laatste keer,laatste,keer,knie,terug,vier keer,tik,handen,vier,stappen,ellebogen,laatste vier keer,hak,laatste twee keer,laatste acht keer,kom,zijstap,acht keer,hou,goed
32,schiphol,goedemorgen,nachtvluchten,nac,kim,leider kim jong-un,fortuna sittard,amerikaanse president trump,feyenoord,auto,tweede kamer,amerikaanse,doe,twee,poetin,politie,kim jong-un,keer,president trump,probeer een keer
33,goed,heel goed,peter salm,gaan,heel,stap,jeannette,nou,peter,salm,max geheugentrainer,netjes,rotterdamse haven,kijk,hovermarines,max,inderdaad,rotterdamse,mee,nee
34,cbr,oekraine,ouderen,gaat,zegt,mensen,cbr zegt,joodse,beetje,discussie,joodse ouderen,ouderen oekraine,heel oekraine,kant,kinderen,maken,eigenlijk,gaan,npo ondertiteling,komen
35,schiphol,amerikaanse,tweede kamer,sri lanka,kim jong-un,nachtvluchten,kim,jaar,mensen,leider kim jong-un,miljoen,facebook,king,nachts,miljoen euro,poetin,amerikaanse president trump,politie,maken,twee
36,heel,gaat,jan mulder,boek,leven,jan,hersenen,informatie,jan mulder gaat,zit,heel fijn,mensen,jaap seidell,gaan,vinden,goed,maken,vind,tafel jan mulder,niks
37,schiphol,tweede kamer,kim jong-un,nachtvluchten,rusland,mensen,toezichthouder,facebook,jaar,nederlandse,kim,miljoen,jong-un,tweede,ontmoet kim jong-un,kamer,aantal,lufthansa op frankfurt,londen heathrow,nachts
38,heel,goed,heel erg,dag,nou,mee,vind,gaat,gaan,kamp,echt,tieners,leven,groep,best,erg,kom,tent,grote,dingen
39,schiphol,jaar,openbaar ministerie,vorig jaar,gemeente,tweede kamer,nachtvluchten,onderzoek,auto,eindhoven airport,facebook,uur,aantal,mensen,maken,openbaar,ministerie,barneveld,nos journaal,echt
40,groningen,moeder,stad,npo ondertiteling,leven,mee,glimina chakor,toegankelijke zorg,moeder hoofd,jong moeder,vanzelfsprekend,stem,zorg,npo,ondertiteling,groene,toegankelijke,vechten,fantastische stad,groenlinks
41,schiphol,nac,mensen,jaar,nachtvluchten,openbaar ministerie,bayern,koen verweij,tweede keer,tweede,tweede kamer,facebook,miljoen,denk,zien,democratische partij,toezichthouder,feyenoord,openbaar,ministerie
42,meneer pril,jaar,heel,pril,zitten,nou,nam,meneer,gerhard,vissen,meneer pril gaat,gaan,mensen,gaat,weet,gaan zitten,grond,heel nederland,nee,meneer pril vist
43,openbaar ministerie,openbaar,ministerie,democratische partij,openbaar ministerie flink,twee,democratische,tesla,ruim,mensen,witte huis,kinderombudsvrouw kalverboer,facebook,partij,biden,bedrijven,belasting,toezichthouder,jaar,nederland
44,npo ondertiteling,everyday people,jan,carine,john,jur,zeewolde,people,everyday,the family stone,sly and the,and the family,npo,ondertiteling,monique,carine komt,typisch zeewolde,iiiii,fabian,yeah
45,everyday people,jan,carine,john,jur,zeewolde,people,everyday,the family stone,sly and the,and the family,monique,npo ondertiteling,carine komt,typisch zeewolde,iiiii,uienboer jaap,fabian,yeah,boer jan
46,echt,klopt,nederlandse,vandaag,dienst,muziek en zang,zien,mooi,cultuur,nee,gezang,nederlandse kerk,normale nederlandse kerk,normale nederlandse,komen,elkaar,moslim,keer,feestdag,christelijk
47,cairo,egypte,land,nijl,twee,mevrouw van rozendaal,mevrouw,stad,mensen,das,gerade das,reis,meneer zwart,leven,klaas und mylou,cairo gaan,rozendaal,gaan,goed,spoorlijn
48,cairo,nijl,land,egypte,stad,leven,reis,spoorlijn,trein,cairo gaan,mensen,alexandrie,kilometer,cairo beginnen,aswan,cairo komen,gebruikt,delta,machinist,water
49,meneer zwart,mevrouw van rozendaal,mevrouw simons,mevrouw,zwart,meneer zwart zit,rozendaal,meneer,goed,hoeveel,heet,simons,twee,gaan,meneer zwart dacht,zwart zit,mylou,gaat,nee,geld gaat
50,npo ondertiteling,npo,live ondertiteld,programma werd live,westelaken,rik,kijk,regio,ondertiteld,ondertiteling,programma,live,heel fijne avond,eenvandaag,heel fijne,fijne avond,wens,informatie,heel,fijne
51,klein beetje,mooi,beetje,klein,boerenkool,klein beetje olie,heel,quinoa,parmezaanse kaas,beetje olie,olie,pesto,parmezaanse,citroen,echt,kook,ziet,basilicum,nodig,vandaar
52,jan,jur,vader jan runnen,typisch zeewolde,vader jan,polen,kenneth,jan runnen,jan runnen samen,zeewolde,volg typisch,typisch,ella,npo ondertiteling,wojtek,gaan,ella kennen,gaat,kenneths leven,kenneth raakte
53,iran,leven,grote,stam,mensen,wonen,arabisch,arabieren,arabische,perzische iran,nou,khamseh-stam,nomaden,natuurlijk,oude,vijf,jonge,yes,bravo,wonen arabieren
54,psv,excelsior,willem,luuk de jong,ado den haag,ado,haag,ajax,lozano,psv gaat,laat excelsior nac,bergwijn,bakker,wedstrijd,bal,jong,psv speelt,khayati,hoekschop psv,goed
55,leven,vrouwen,vrouw,twee,mensen,gaan,mee,gaat,staan,bus,gedaan,kees van helden,doe,zegt,willen,hulp,otten,eeuwige leven,heel,komt
56,zondag,dag dicht,vandaag blijf,dicht,vandaag,dag,blijf,nijs,jaar,dicht vandaag,meneer de nijs,hou me vast,hoop,hou,rijinstructeur,rob de nijs,npo ondertiteling,mensen,heer de nijs,naast
57,henk otten,sri lanka,henk otten stapt,otten,macron,forum voor democratie,malen,otten stapt,sri lanka aangescherpt,openbaar ministerie,sri,lanka,baudet,forum,alexander isak,psv,land,gele hesjes,tjibbe joustra gaat,gaat
58,henk otten,leven,otten,vrouwen,mede-oprichter henk otten,mensen,vrouw,jan mulder,gaan,eeuwige leven,kees van helden,vind,twee,mee,bus,gaat,willen,zegt,jan,henk
59,hineni,heel,mystieke ervaring,mystieke,nee,moment,god,denk,ervaring,nacht,mooi,meegenomen,bereid,oefening,goed,heel mooi lied,the,heel mooi,nou,meegenomen leonard cohen
60,henk otten,openbaar ministerie,charles leclerc,otten,leclerc,openbaar ministerie zegt,max verstappen,biden,verstappen,charles,gaat,twee,ministerie,nimwegen,formule,openbaar,mensen,max,joe biden,amnesty
61,henk otten,suzan en freek,jaar,mensen,nederlandstalige muziek,mazelen,freek,otten,nederlandstalige,muziek,gaat,suzan,maarten,henk,arens,nederland,vorig jaar,files,gaan,elkaar
62,sri lanka,macron,otten,henk otten,malen,gele hesjes,sri,lanka,baudet,vanavond,gaat,macron vanavond,landen,gele,gedaan,goed,psv,alexander isak,president macron,henk otten stapt
63,biden,democratische partij,henk otten,openbaar ministerie,joe biden,gaat,peilingen gaat biden,gaat biden,openbaar ministerie zegt,biden gaat,ministerie,twee,otten,mensen,partij,forum voor democratie,jaar,democratische,openbaar,leclerc
64,henk otten,otten,openbaar ministerie,voicemail henk otten,forum voor democratie,biden,democratische partij,henk otten kritisch,henk otten stemmen,joe biden,twee,democratie,forum,openbaar,ministerie,nimwegen,gaat,partij,henk,meneer otten
65,biden,democratische partij,joe biden,charles leclerc,leclerc,raqqa,amnesty,syrische stad raqqa,alexander isak,jaar,verstappen,mensen,charles,max verstappen,sri lanka,partij,democratische,gaat,formule,onderzoek
66,sri lanka,nos stories,kim,poetin noemde kim,lanka,sri,jongerenplatform nos stories,sri lanka aangescherpt,kim jong-un,nos,russische president,nos journaal,top,mensen,sigaretten,amerikaanse president trump,webshops,drentse landschap,ottawa,amerikanen
67,sri lanka,nos stories,kim,nos,poetin noemde kim,sri,lanka,jongerenplatform nos stories,russische president,sigaretten,top,mensen,kim jong-un,webshops,nos journaal,sri lanka aangescherpt,elektronische sigaretten,stories,waardoor,amerikanen
68,sri lanka,kim,nos stories,sri lanka aangescherpt,sri,lanka,poetin noemde kim,russische president,top,kim jong-un,sigaretten,mensen,webshops,jongerenplatform nos stories,amerikaanse president trump,drentse landschap,drentse,amerikanen,russische,poetin
69,sri lanka,mensen,bertens,sri lanka aangescherpt,sri,lanka,folders,jones,zwitserse belinda bencic,nos stories,kiki bertens,gaat,twee,gaan,spelen krijgt bertens,serverende kiki bertens,ricardo moniz gaat,psv,staatssecretaris blokhuis,krijgt bertens
70,sri lanka,mensen,bertens,sri lanka aangescherpt,sri,lanka,jones,folders,gaat,nos stories,zwitserse belinda bencic,staatssecretaris blokhuis,kiki bertens,ricardo moniz gaat,nos,twee,gaan,serverende kiki bertens,spelen krijgt bertens,psv
71,koningsdag,amersfoort,sybrand buma,buma,morgen,mensen,goed,utrecht,regio amersfoort,npo,npo radio,heel,gaan,cda,regio amersfoort komt,telegraaf,koning,amersfoort komt,amersfoort maakt,zeggen
72,sri lanka,nos stories,sri lanka aangescherpt,lanka,sri,jongerenplatform nos stories,poetin noemde kim,kim,nos,npo ondertiteling,nos journaal,sigaretten,russische president,webshops,stories,goedemorgen,top,npo,ottawa,ondertiteling
73,sri lanka,nos journaal,npo ondertiteling,nederland,sri,lanka,nos stories,nikki herr,kim,live ondertiteld,sri lanka aangescherpt,programma werd live,npo,nos,nederland en europa,goedemorgen,poetin noemde kim,ondertiteling,russische president,top
74,sri lanka,zwitserse belinda bencic,bertens,kiki bertens,sri lanka aangescherpt,sri,lanka,jones,mensen,belinda bencic,folders,gaat,staatssecretaris blokhuis,studenten,nos stories,zwitserse belinda,serverende kiki bertens,stuttgart,twee,bencic
75,sri lanka,nos stories,sri lanka aangescherpt,poetin noemde kim,kim,nos,lanka,sri,nos journaal,npo ondertiteling,russische president,sigaretten,jongerenplatform nos stories,canadese stad ottawa,webshops,goedemorgen,ottawa,npo,top,kim jong-un
76,goedemorgen nederland,goedemorgen,sri lanka,nederland,npo ondertiteling,koningsdag,wouter de winther,telegraaf wouter,nos stories,ondertiteling,nederlanders,npo,kim,cda-kamerlid harry,nos,lanka,sri lanka aangescherpt,sri,burgemeester,vandaag
77,koningsdag,amersfoort,heel,buma,morgen,natuurlijk,koningsdag morgen,morgen koningsdag,nederland,npo,utrecht,gaan,goed,regio amersfoort,npo radio,koning,echt,dag,sybrand buma,mensen
78,sri lanka,nos stories,jones,sri,lanka,mensen,staatssecretaris blokhuis,jongerenplatform nos stories,corey jones,nos,nos journaal,studenten,agent,omroep brabant,webshops,folders,sigaretten,npo ondertiteling,brabant,heesch
79,sri lanka,mensen,nos stories,jones,folders,sri,lanka,studenten,sigaretten,nos,jongerenplatform nos stories,webshops,omroep brabant,brabant,heesch,agent,graden,maken,gaan,elkaar
80,goed,heel goed,koningin julianabrug,nel,heel,curacao,julianabrug,sla,koningin,heel goed hoor,nou,trommel,gaan,goed hoor,brug,tamboer,stap,nou nel,koningin julianabrug openstelde,sla elke trommel
81,sri lanka,sri,lanka,jaar,kpn,kpn gaat,chinese huawei,nos stories,bertens,jones,gaat,verenigde staten,huawei,agent,mensen,folders,nederlanders,nos,nederlandse,jongerenplatform nos stories
82,soja,zit,eet,zit soja,soja eten,eten,soja eet,heel,nee,goed,soja nou,echt,mensen,soja nou blijven,sojabonen,nou,soja babi,zien,eet smakelijk.,producten soja
83,sri lanka,sri,lanka,jones,gaat,mensen,nos stories,jaar,kpn,psv,nederlandse,folders,agent,corey jones,nos,bertens,nederlanders,veiligheidsdienst aivd,ricardo moniz gaat,nos journaal
84,sri lanka,sri lanka gisteren,sri,lanka,nos stories,nos,koningsdag,maken,nos journaal,mensen,willen,lachgas,jaar,gemeente,alkmaar,jongerenplatform nos stories,lanka gisteren,nederlandse,folders,lanka gisteren aangescherpt
85,gaan,goed,heel,beetje,gaat,heel goed,rob de nijs,heel klein beetje,echt,kijk,rob,glazuur,glazuur gaan maken,tuin,hallo,jaar,maken,sri lanka,applaus,roze
86,applaus,gejuich,groot applaus,vader,coby,staan,vera,anis,staat,vader anis,groot,betekent,applaus voor vera,applaus voor anis,enorm applaus,vader anis opgegeven,applaus voor coby,applaus en gejuich,orris zorgt,zorgt
87,sri lanka,jaar,raheem sterling,goed,sterling,malen,champions league,sri,lanka,gaan,mensen,nederland,vivianne miedema,amsterdam,nos journaal,morgen op koningsdag,miedema,willen,gaat,league
88,sri lanka,goed,jaar,sterling,malen,raheem sterling,champions league,sri,lanka,nederland,gaan,mensen,vivianne miedema,morgen op koningsdag,amsterdam,gaat,league,sadilek,willen,koningsdag
89,hallo,vis,speer,komt,echt,line,illegaal curacao proberen,nou,muziek,curacao,oliebol,gaat,illegaal curacao,curacao proberen,spaans,line fish,gaan,komen,nee,goed
90,sri lanka,gaan,jaar,britse prins william,sri,mensen,sri lanka verscherpt,man,kpn,drie jaar,zoon,lanka,mozambique,gemeente,sri lankaanse,prins william,britse prins,drie,minister,zeven jaar
91,sri lanka,mensen,sri,koningsdag,tijs,applaus,lanka,vandaag,zoon,man,amsterdam,humberto tan,nos journaal,actie,jaar,willen,mozambique,volgende nos journaal,lachgas,gaan
92,henk otten,otten,leven,mensen,vrouwen,vrouw,twee,gaan,gaat,partij,vind,bus,gedaan,heel,henk,baudet,zeggen,willen,goed,mee
93,heel,goed,tokio,eigenlijk,gaat,echt,temperatuur,pil,controle,gregory sedoc,pieken,krijgen,robert,race,sedoc,voel,nou,zit,heel goed,moment
94,trein,meter,zermatt,lijn,spoorlijn,trein rijdt,meter per kilometer,dal,rijdt,brig,meter per,per,ligt,aangelegd,spoor,meter hoog,traject,station,kilometer,jaren
95,hum hum,hum,koningsdag,fong leng,fong leng tsang,applaus,quote,amsterdam,duthler,man,staking,ciel de paris',morgenochtend begint koningsdag,sous le ciel,paris' s'envole,paris' marchent,paris',soest,jaar,vluchten
96,sri lanka,morgen,sri lanka terug,verslaggever kysia hekster,sri,vvd,vvd zet duthler,lanka,duthler,anne-wil duthler,heel,mensen,apeldoorn,kpn,verslaggever kysia,kysia hekster,amersfoort,nederlanders,huawei,sri lankaanse
97,npo ondertiteling,npo,nos journaal,live ondertiteld,programma werd live,vannacht is redelijk,eenvandaag met rik,zover het nos,fijne avond,vannacht,journaal,rik,westelaken,nos,kijk,regio.,fijne,ondertiteld,ondertiteling,programma
98,goed,beetje,keetje,keetje hodshon,heel goed,heel,huis,kijk,mooi,peter,steenrijke keetje hodshon,heel goed werk.,gaan,allemaal,heel erg mooi,hodshon huis,goed werk.,klein beetje,grote,grote huis
99,mensen,programma,heel,gaat,jaar,leden,gaan,links,rechtse,pauw,applaus,rechts,jensen,geluid,publieke omroep,rechtse mensen vinden,lintje,maken,meneer vos,vind
100,neil waters,helmert,helmert streufels,nee,spannende muziek,gabriel doorkamp,wesley,danny groothuis,danny,neil waters kende,neil,laat,waters,gabriel,streufels,nou,cosgun hamza,oke,niks,jimmy waters
101,air france,klm,air,france,gaan,aandelen air france,gaat,goed,klm topman pieter,twente,klm ceo,nederlanders,fransen,smits,staat,jaar,drie,group air france,zonnepanelen,pieter elbers
102,koning,nee,team ellie,vraag,ellie,laten,team donnie,heel,koninklijk huis,gelach,donnie,gaan,team,eigenlijk,foto,beetje,oke,zien,laten zien,mensen
103,duthler,sri lanka,gaan,koningsdag,drie,almere,heel sri lanka,drie jaar,jongeren,land,centrum,gaan vechten,orkaan,uur,morgen,vandaag,vechten,anne-will duthler,duthler zegt,duthler draait
104,baudet,otten,henk otten,mensen,gaan,partijleider baudet,jaar,nederland,partij,forum,koning willem,koning,gaan mensen,democratie,extinction rebellion,willem,vinden,goed,forum voor democratie,thierry baudet
105,air france,klm,vvd,duthler,air,france,air france klm.,group air france,max verstappen,kamer,fransen,nederlanders,gaat,anne-wil duthler,klm ceo,gaat anne-wil duthler,ceo,morgen,aandelen air france,heel
106,gaan,duthler,sri lanka,almere,drie,centrum,koningsdag,gaan vechten,land,jongeren,heel sri lanka,vandaag,vechten,militairen,vandaag gaan staan,morgen,drie jaar,jaar,uur,orkaan
107,duthler,vvd,kpn,sri lanka,huawei,anne-wil duthler,mensen,vandaag,chinese huawei gaat,gaan,aruba,kpn zegt,gaat,heel,morgen,almere,kpn gaat,heel sri lanka,oranje nassau,koningsdag
108,air france,klm,kamer,duthler,vvd,twente,gaat,gaan,journalisten,france,air,blijft,jaar,psv,gedaan,sri lanka,goed,smits,heel,laten
109,air france,klm,group air france,air,france,air france klm.,fransen,natuurlijk,ceo,neerlandaise klm,zeggen,group air,filiale neerlandaise klm,gaan,klm personeel,nederlanders,klm manager,voormalig klm,klm omgaat,nieuwe
110,laatste vier keer,laatste acht keer,keer,vier keer,laatste,zes keer,terug,laatste vier,dubbel,strek,laatste keer,laatste acht,goed,hou vast,vier,hou,schouders,acht keer,kom,laatste twee keer
111,soundos,heel,gelach,mensen,netflix,pieter,jaar,dag,rayen,rayen panday,nou,soundos el ahmadi,gaat,zien,leven,vindt,weet,ahmadi en rayen,applaus,vind
112,heel,heide,zitten,gaat,groote heide,echt,water,heel europa,soort,echt helemaal heide,nederland,gaan,vogels,elkaar,goed,eigenlijk,vroege vogels,helemaal,allemaal,beetje
113,amersfoort,heel,gaan,gaat,welmoed sijtsma,amsterdam,koning,jaar,amalia,oranje,meneer segers,allemaal,echt,straks,nederland,segers,amalia weet heel,vandaag,heel leuk,vorig jaar
114,noordzee,muziek,muziek van the,you really got,tweede wereldoorlog,dover,redsand fort,dover castle,fort,the radio star,killed the radio,the,the kinks,groot brittanie,redsand project,video killed the,engeland,redsand fort ingenomen,you really,really got
115,goedemorgen nederland,gaat goedemorgen nederland,amersfoort,goedemorgen,jan kees emmer,heel,jan kees,mark kampers staat,nederland,heel mooie koningsdag,xima-kenner josine droogendijk,mensen,mark kampers,josine droogendijk,gaan,gaat goedemorgen,koningsdag,gaat,koning,niks
116,mevrouw,heel,slotenmaker,max ombudsman,sabino bouw,kozijnen,mensen,geld,euro,komt,mevrouw van weeghel,gaan,mee,politiekeurmerk veilig wonen,geld terug,max,weeghel,maken,bouw,meneer
117,mooi mooi mooi,amersfoort,mooi mooi,mooi,koning,dierenpark amersfoort,heel,goed,mensen,gaat,dank,dag,vandaag,gaan,johan,team amersfoort,koningsdag,jaar,familie,mee
118,heel,goed,gaat,gregory sedoc,pieken,echt,tokio,sedoc,eigenlijk,pil,controle,temperatuur,moment,gaan,nou,krijgen,robert,water,heel goed,zit
119,heel,eigenlijk,muziek,keer,leven,ezels,gaan,heel erg,jaar,goed,ervaring,margot,heel goed,mysterieuze muziek,gaat,echt,ezel,uiteindelijk,vorige keer heel,kom
120,laurentien,prinses laurentien,laurentien brinkhorst,heel,prinses,beste prinses laurentien,constantijn,mensen,denk,echt,brinkhorst,vind laurentien,vind,laurens jan brinkhorst,paul van loon,heel goed,kinderen,meneer brinkhorst,leren,lezen
121,componist jake heggie,jake heggie,fuse,vinci,erik visser,flairck,amerikaanse componist jake,applaus,leonardo da vinci,dank,gwyneth wentink,gwyneth,stuk,muziek,componist jake,jake,fuse speelt,compilatie flairck,erik,heel
122,marianne vaatstra,vaatstra,azc,marianne,bauke vaatstra,heel,heel erg,mensen,bewoners,zaak,asielzoekers,meneer vaatstra,centrum,heel erg interessant,zaak vaatstra,denk,erg,moord,staat meneer vaatstra,brief
123,muziek,melkboer,muziek van crosby,muziek van curtis,nash and young,and,bijlmermeer,the,jaren,muziek van the,uyl,and walk,nash and,and young,nou,muziek van david,muziek van john,muziek van bobby,muziek van rogier,oke
124,amersfoort,koningsdag,npo ondertiteling,pyramide van austerlitz,ondertiteling,pyramide,mensen,minister,minister grapperhaus,vier jaar,austerlitz,twee,jaar,straf,vier,grapperhaus,oranje,huis,verdachten,volgende
125,sergej,kinderen,wadim,mannen,tanja en sergej,sergej helpt,tanja,afkickcentrum,sergej staan,sergej kennen,sergej kickte,sergej vindt,helpt,hard werken,kerk,warme maaltijd,oekraiense,naschoolse,olesk,opvang
126,looking,looking upstairs looking,the,heel,looking back,the track,juliana,paleis soestdijk,familie,little green bag,mensen,looking for,looking behind,looking upstairs,goed,paleis,nee,got to find,nederland,gaan
127,amersfoort,koningsdag,koninklijke familie,npo ondertiteling,heel,amersfoort vandaag,koning,mensen,koninklijke,muziek,mozambique,dag,familie,vandaag,viel,china,zonnig amersfoort,politie,kenneth,ondertiteling
128,nederland zingt dag,wijn,heel,nederland zingt,heel moeilijk,leven,nee,dag,nou,zingt dag,nederland,jaar,weet,echt,zingt dag zit,iedere dag,zeg,moeilijk,kinderen,gaan
129,mooi mooi mooi,mooi mooi,mooi,amersfoort,heel,koning,vandaag,gaan,heel leuk,laten zien,heel mooi,laten,zien,dank,echt heel,dag,maria fiselier,heel holland,foto,goed
130,koninginnedag,wilhelmina,koningin,juliana,jaar,beatrix,papoea koninginnedag,nederland,heel,koningin juliana,wilhelmina zit,koninginnedag zien,koningin wilhelmina,feest,zien,dochter juliana,mensen,nederlandse,nederlanders,dag
131,amersfoort,spanje,muziek,koningsdag,mensen,heel,nieuwe,koninklijk huis kysia,vox,koninklijk huis,amersfoort vandaag,gaat,vandaag,nederland,nieuwe zijderoute,verslaggever koninklijk huis,koning,zien,buien,china
132,amersfoort,heel,nee,koning,koningsdag,heel goed,amalia,muziek,goed,dag,jaar,heel koningsdag,leuk,prins,vandaag,amersfoort koningsdagconcert,stad amersfoort,stad,blijven wachten,koningin maxima
133,beer,nee,nou,roger,arnold,nee joh jos,zeg,ach nee joh,nee joh,anja,deur,deur dicht,weet,heel,zit,dacht,hond,twee,doe,niks
134,jalalalalalala jalalalalalala,zing,jalalalalalala,laat,lalalala lala lala,jalalalalalala lala,lalalala lalalala lalalalala,lala lala lala,applaus en gejuich,lalalala lalalalala lala,lala,weet,lala lala,lalalalalala lala lala,tijd,dag,verslaggever tanja braun,lalalala,amsterdam,lala jalalalala lala
135,publiek lacht,publiek,lacht,publiek lacht geloof,immanuel kant,nee,napoleon,nou,oke,kant,gaan,mensen,eigenlijk,echt,ljoebov,john ewbank,denk,elkaar,nederlands,immanuel
136,niek kimmann,ergo tom dumoulin,goed,nou,dominic thiem,dumoulin,kimmann,tom dumoulin,smulders,oldebroek,gaat,poel,wedstrijd,niek,koningsdag,thiem,nadal,tokio,finale,gaan
137,amersfoort,heel,koning,vandaag,laten zien,gaan,heel leuk,laten,zien,dank,maria fiselier,mooi,echt heel,heel holland,foto,dag,muziek,koningsdag,anna,drie
138,mooi mooi mooi,mooi mooi,mooi,heel,amalia,jaar,nederland,heel mooi,dorine hermans,amersfoort,prinses amalia,koningsdag,vandaag,willem-alexander,gaat,koningin,oranje,goed,hermans,heel nederland
139,sri lanka,heel sri lanka,sri,lanka,correspondent aletta andre,aanslagen,sri lankaanse autoriteiten,nieuwe aanslagen,president,sri lankaanse,heel sri,aletta andre,correspondent aletta,minister,twee,mensen,new delhi,politie,morgen,volgens
140,duncan laurence staat,nou duncan,duncan laurence,duncan,tel aviv,wagen op koningsdag,nederlandse bijdrage,songfestival begint,laurence staat,npo ondertiteling,live ondertiteld,nou,nederland,programma werd live,nee,aviv,koningsdag,songfestival,tel,nederlandse
141,sri lanka,minister,aanslagen,sri,heel sri lanka,jaar,president,lanka,mensen,heel,twee,minister grapperhaus,noordpool,regering,nederland,koningsdag,correspondent aletta andre,premier,terug,minister bruins
142,henk,henk otten,goeie vraag,heel,thierry,dion,goed,komt henk otten,nee,mensen,dion graus,man,echt,kamer,vraag,tweede kamer,allemaal dions,eigenlijk,gelach,weet
143,oke,heel,kom,denk,mensen,goed,iedereen,yes,dank,gaan,echt,school,mooi,jandino,weet,gaat,heel mooi,saxa,jay,leven
144,echt,heel,leven,here jezus,god,bart,mee,god ging,weet,jezus,jaar,god ging mee,gaat,begin,gaan,begin maart,dag,nou,zoon,arm
145,jezus,jezus christus,heel,jezus echt,verhaal,passiespelen,gaan,kruis,jezus echt meegemaakt,jezus komen,jezus hoorde,jezus geconfronteerd,hertme,jezus spelen,sta,gaat,weet,moment,staan,komt jezus
146,meneer,alfred birney,niemand bleef,nou,russische piano,dagboek,vpro boeken,wolf wondratschek,schrijver,niemand,russische,birney,boek,roman,schrijven,alfred,zit,schreef,mensen,tolk van java
147,mensen,sri lanka,politie,san diego,otten,npo ondertiteling,ondertiteling,kamer,aanslag,lanka,gaan,sri,viel,aanslagen,synagoge,positie,dagen,forum,vandaag,diego
148,marianne vaatstra,azc,vaatstra,bewoners,mensen,bauke vaatstra,marianne,heel,centrum,heel erg,asielzoekers,zaak,willen,bewoner,gaan,erg,angst,meneer vaatstra,denk,familie vaatstra
149,iran,leven,perzische iran,grote,arabisch,arabieren,stam,nou,vijf,khamseh-stam,wonen,grote stam,wonen arabieren,arabieren wonen,mensen,kleine,perzen,spreken arabisch,kijk,stammen
150,zutphen,joodse,heel,goed,joodse gemeente,nou,nederland,joden,israel,jaar,vader,kwam,nee,heel goed,ging,oorlog,zutphen kwam,nederlands joodse,nederlands joodse volk,joodse geschiedenis zutphen
151,graag,versier,mooi,npo ondertiteling,versier graag,heel mooi,winkel,hoekjes,artikelen,leuk,idee,mooie,heel,vind,sieraden,pakjes graag,klanten graag,npo,ondertiteling,harmonicamuziek
152,heel,ganesha,gaan,nee,zit,weet,boer,angst,drie,eigenlijk,mensen,leven,mee,twee,koeien,jaar,liefde,nou,staat,stef
153,san diego,deen jakob fuglsang,mensen,annemiek van vleuten,vleuten,npo ondertiteling,sri lanka,politie,sri lankanen,synagoge,aanslag,amsterdam,sri,spanje,san,diego,ondertiteling,otten,sri lankanen zit,positie
154,brinkman,bloemendaal,thierry brinkman,robert gesink,arsenal,bovendeert,amsterdam,goed,thierry brinkman stond,handje thierry brinkman,barcelona,bal,gaat,robert gesink viel,wijkerslooth,gesink,brinkman stond,brinkman staat heel,brinkman staat,dauphine of zwitserland
155,nos,journalistiek,mensen,heel,nieuws,vind,goed,mee,facebook,media,natuurlijk,denk,mees vos,geenstijl,beetje,journalistiek medium,publieke,mees,verantwoordelijkheid,zeggen
156,nos,mensen,heel,vind,nieuws,journalistiek,natuurlijk,mee,facebook,beetje,media,goed,mees vos,verantwoordelijkheid,jaar,denk,publieke,mees,maken,staatskapelle weimar
157,max verstappen,max verstappen zit,max verstappen naast,san diego,max,verstappen,red bull,sri lankanen zit,vierde,deen jakob fuglsang,verstappen zit,sri lanka,sri lankanen,annemiek van vleuten,prix van azerbeidzjan,plaats,sri,vleuten,azerbeidzjan,bull
158,baba ganoush,heel,baba,echt,ganoush,baba ganoush maken,mooi,kijk,goed,beetje,maken,heel mooi,huis,namelijk baba ganoush,gemaakt,fantastische baba ganoush,alain,aubergine,zoete aardappel,zit
159,buitenlandse zaken,ontvoerd,zaken,buitenlandse,programma ontvoerd,staat buitenlandse zaken,kinderen,buitenlandse zaken zegt,buitenlandse zaken zeggen,buitenlandse zaken wist,suriname,kind,vader,programma,nou,nederland,europees,moeder,openbaar ministerie,ministerie
160,max verstappen,jason walters,jaar,spanje,jason,mensen,vox,gaat,npo ondertiteling,schulden,verstappen,nederlandse,heuvel,komen,jack,sieg heil,kinderen,gaan,npo,politie
161,mensen,stella,wettelijke,schulden,gemeente,zeggen,wettelijke sanering,zit,schuldeisers,huis,jaar,helpen,tekst wordt voorgelezen,gaat,aantal,heel,gerville,aantal mensen,soms,traject
162,pieter van vollenhoven,vollenhoven,nou,koninklijk huis,eigenlijk,denk,huis,koninklijk,prinses margriet,margriet,pieter,zeggen,goed,weet,heel,leven,tien jaar,meneer van vollenhoven,slachtofferhulp,slachtofferhulp nederland
163,god,nou,heel,mensen,god nou,amsterdam,geloof,leven,echt,nee,god geloof,heel erg,god echt,god overstijgt,dominee,mensen heel goed,heel goed,kerk,vind,gaat
164,friesland,npo ondertiteling,weet,opstoot links,dankbaarheid,kom,henk,dankjewel,calvijn,beetje,samsom,willi samsom,gaat,soms,opstoot,zeg,sneek,heel,friesland laten,gegaan
165,friesland,weet,opstoot links,kom,henk,willi samsom,samsom,zeg,soms,opstoot,sneek,heel,friesland laten,mirjam weet,gegaan,drenthe,laat,friesland gegaan,giethoorn,soms luistert
166,mensen,schiphol,heel,goed,zeggen,laten,gaat,sociale media,nodig,mensen elkaar,mensen laten praten,groei,elkaar,media,mensen laten,zegt,helemaal,twee mensen,goede,dingen
167,leefomgeving,raad,groei,luchtvaart,laten,gematigde groei,zeggen,hoeveel groei,zitten,perspectieven,bewoners,gematigde,luchtvaart verduurzamen,luchtvaart behandelen,bewoners zeggen,hoeven,hoeveel,nederland,stel de milieu,verbeteren
168,correspondent rop zoutberg,psoe,spanje,komen,correspondent rop,rop zoutberg,psoe stond,winnende psoe,vox,zetels,sociaal-democraten in spanje,gebeuren,betekent,partijen,baskische nationalistische partijen,baskische nationalistische,goeienavond,liveprogramma,achterlopen,ondertiteling
169,sri lanka,biomassa,mensen,heel,jaar,npo ondertiteling,onderwijs,bomen,nieuwe,noorden,echt,oosten,deen jakob fuglsang,vandaag,nieuws,lanka,sri,live ondertiteld,programma werd live,nederlanders
170,max verstappen,mensen,gaat,max,max emden,heel,jaar,openbaar ministerie,spanje,verstappen,npo ondertiteling,columniste margriet brandsma,twee,ian buruma,jaren,week,goed,elkaar,duitsland,schiphol dick benschop
171,schiphol,schiphol dick benschop,mensen,gaat,heel,columniste margriet brandsma,max emden,goed,duitsland,afspraken,openbaar ministerie,groei,jaar,laten,zegt,schiphol dick,laten zien,ian buruma,documentaire,maken
172,mensen,schiphol,heel,gaat,laten,max emden,goed,afspraken,laten zien,groei,maken,duitsland,mensen laten praten,zegt,jaar,zien,zeggen,elkaar,aantal,jaren
173,goed,heel goed,nel,koningin julianabrug,heel,curacao,heel goed hoor,nou nel,nou,julianabrug,goedemorgen nel,koningin,sla,goed hoor,gaan,brug,nee,trommel,meter,tamboer
174,dijk,nederland,biomassa,peter van dijk,vivianne miedema,engeland,heel nederland,heel,partido popular kreeg,nrc handelsblad,statenlid in zeeland,zeeland,nrc,maanden,komen,drie maanden,komt,partido popular,britse,nederlandse
175,dijk,vivianne miedema,nederland,peter van dijk,biomassa,virgil van dijk,heel nederland,partido popular kreeg,heel,nrc handelsblad,statenlid in zeeland,zeeland,nrc,maanden,engeland,vivianne,miedema,nederlandse,britse,drie maanden
176,goedemorgen nederland,nederland,dijk,heel nederland,zorgverzekeraars nederland,nederlands forensisch,goedemorgen,vivianne miedema,twee nederlanders,zorgverzekeraars nederland juicht,engeland,biomassa,jaar,nederlandse,nederland uitspreidt,nederland juicht,komt,heel,peter van dijk,virgil van dijk
177,goedemorgen nederland,nederland,goedemorgen,cda lotte schipper,geert wilders,jongeren,mediadeskundige mark koster,lotte schipper,mark koster,cda lotte,auto,blijkt,jaar,elektrische auto,nederlandse,dijk,zeeland,nrc,elektrische,peter van dijk
178,peter van dijk,goedemorgen nederland,nederland,nrc handelsblad,jongeren,partido popular kreeg,dijk,nederlandse,partido popular,statenlid in zeeland,jaar,sanchez,nrc,npo ondertiteling,blijkt,nederland bevrijd,jongeren vinden,auto,zeeland,sanchez overwinning
179,jongeren,goedemorgen nederland,partido popular kreeg,npo ondertiteling,sanchez,npo,partido popular,nederland,goedemorgen,blijkt,sanchez overwinning,premier sanchez,nationaal comite,belangrijk,jongeren vinden,popular kreeg,zittende premier sanchez,jongeren waarderen,kreeg,stemmen
180,nederland,peter van dijk,dijk,nrc handelsblad,jongeren,jaar,nederlandse,nederland bevrijd,auto,partido popular kreeg,nrc,blijkt,zeeland,statenlid in zeeland,elektrische auto,goedemorgen nederland,sanchez,nederlandse grens,partido popular,twee
181,nederland,dijk,peter van dijk,jongeren,twee nederlanders,jaar,nederlandse,twee,engeland,nrc handelsblad,vivianne miedema,twee nederlanders verkozen,nederlands forensisch,goedermorgen nederland,zorgverzekeraars nederland,komt,blijkt,onderzoek,willen,biomassa
182,jongeren,goedemorgen nederland.,blijkt,nrc handelsblad,peter van dijk,nederland,nederlandse,goedemorgen,auto,sanchez,jaar,elektrische auto,partido popular kreeg,belangrijk,jongeren vinden,partido popular,dijk,nrc,zeeland,elektrische
183,jongeren,blijkt,jaar,elektrische auto,auto,nederland,nederlandse,nrc handelsblad,nrc,belangrijk,sanchez,peter van dijk,elektrische,jongeren vinden,partido popular kreeg,nationaal comite,dijk,zeeland,partido popular,jongeren waarderen
184,jaar,amalia,vorig jaar,mensen,gaat,goed,vond,heel,europa,gaan,vandaag,nederland,mooi,domtoren,komt,vorig,oranje,komen,leuk,moeder
185,jongeren,goedemorgen nederland.,partido popular kreeg,sanchez,blijkt,auto,jaar,goedemorgen,npoi nu goedemorgen,partido popular,nationaal comite,belangrijk,jongeren vinden,sanchez overwinning,nederland,jongeren waarderen,premier sanchez,elektrische,dijk,nederlandse
186,jongeren,blijkt,auto,peter van dijk,nrc handelsblad,statenlid in zeeland,jaar,elektrische auto,goedemorgen nederland.,nederlandse,dijk,zeeland,nrc,partido popular kreeg,nationaal comite,elektrische,partido popular,nederland,sanchez,goedemorgen
187,heel,mensen,jongeren,nederland,nederlandse,dijk,huis,heel nederland,willen,ging,komt,pascha,nou,onderduikers,grote,jaar,npo ondertiteling,winterswijk,varsseveld,engeland
188,nederland,jongeren,nederlandse,dijk,twee,engeland,jaar,zorgverzekeraars nederland,nederlands forensisch,jongeren vinden,komt,biomassa,vivianne miedema,heel nederland,onderzoek,zorgverzekeraars nederland juicht,vinden,tenen,willen,twee nederlandse
189,mensen,heel,vader,nou,onderduikers,huis,kwam,winterswijk,grote,ebbers,pascha,ging,helpen,npo ondertiteling,vivianne miedema,willen,varsseveld,lichtenvoorde,familie,goed
190,laatste twee keer,vier keer,laatste twee,diep,twee keer,laatste vier keer,vier keer veren,vier,laatste,keer,laatste vier,twee,been,voren,laatste keer,doe maar mee,doe,achterste,achterste been,laatste vier maal
191,nederland,dijk,jongeren,nederlands forensisch,vivianne miedema,virgil van dijk,goedemorgen,nederlandse,biomassa,jaar,heel nederland,onderzoek,twee,leger des heils,komt,twee nederlanders,engeland,zorgverzekeraars nederland,mensen,nederlandse kunstenaar lucas
192,heel goed,goed,gaan,heel,nou,nee,fout,inderdaad,nummer,inderdaad goed,zien,fout inderdaad,hoor,stap,japan,max,hartstikke goed,oke,edelman,antwoord
193,nederland,otten,biomassa,nederlandse,dijk,jongeren,jaar,vinden,engeland,heel nederland,belangrijk,vivianne miedema,jongeren vinden,rivm,mensen,onderzoek,heel,peter van dijk,auto,verkiezingen in spanje
194,nederland,otten,jaar,heel,nederlandse,dijk,jongeren vinden,forum voor democratie,vinden,jongeren,heel nederland,biomassa,kamer,jongeren vinden dodenherdenking,zorgverzekeraars nederland,vivianne miedema,democratie,forum,henk otten,auto
195,mensen,jaar,heel,lintje,programma,applaus,gaan,leden,links,nederland,gaat,pauw,orde van oranje-nassau,rechts,orde,vorig jaar,publieke omroep,meneer vos,vind,mensen per jaar
196,henk otten,forum voor democratie,zet henk otten,otten,nos journaal,dijk,jongeren,kamer,domtoren,nos,jongeren vinden,vinden,jaar,tweede kamerfractie,twee,willen,forum,democratie,henk,nederland
197,heel,keetje hodshon,huis,keetje,goed,heel goed,steenrijke keetje hodshon,ajax,drie,tottenham,gaan,peter,beetje,henk otten,champions league,otten,kamer,hodshon huis,gaat,mooi
198,dijk,henk otten,nederlandse,nos journaal,domtoren,forum voor democratie,otten,champions league,volgende nos journaal,mensen,nederlandse grens,zet henk otten,duizenden mensen,lucas van leyden,jaar,vivianne miedema,tweede kamer,kamer,sanchez,nederland
199,heel,keetje hodshon,huis,keetje,goed,heel goed,steenrijke keetje hodshon,ajax,champions league,drie,tottenham,gaat heel goed,gaan,peter,beetje,henk otten,allemaal,otten,kamer,hodshon huis
200,keetje hodshon,steenrijke keetje hodshon,keetje,huis,goed,hodshon huis,peter,heel goed,heel,hodshon,haarlemse hodshon huis,drie,mooi,kijk,steenrijke keetje,beetje,kamer,prachtige hodshon huis,gaan,achttiende eeuw
201,leo degens,ajax,leo,nac,spelers,degens,speelde leo degens,vivianne miedema,maken,club,leo degens stopte,bevond leo degens,elftal,heel,gaat,psv,leo ehlen,nee,weet,gezien
202,otten,jaar,henk otten,gaat,zit,mensen,lekker,jongeren,mozambique,water,zwembad,vorige,heel,orkaan,kook,kwam otten,eigenlijk,kook mee,week kwam otten,vorige week
203,wijn,lekker,heel,vin,coq,coq au vin,beetje,heel erg,mooi,gerecht,heel mooi,stoofgerecht,heel lekker,frans,gaat,eigenlijk,echt,heel erg lekker,goed,natuurlijk
204,wijn,lekker,heel,vin,otten,coq,coq au vin,mooi,heel erg,beetje,heel mooi,echt,gerecht,eigenlijk,heel lekker,stoofgerecht,henk otten,gaat,jongeren,heel erg lekker
205,kamp westerbork,team ellie,otten,team donnie,jaar,ellie lust,team,koningsdag,ellie,gaat,twee,pauw koningsquiz,politie,westerbork,kamp,zwembad,jan slagter,jan,uur,martijn koning
206,nee,team donnie,koning,donnie,laten,heel,rowwen heze,vraag,gelach,team,beetje,ellie,carmina burana,carl orff,eigenlijk,weet,zeggen,team ellie,twee,jan
207,koninklijk huis,vraag,team donnie,foto,nee,team ellie,koninklijk,ellie,gelach,huis,donnie,goed,eigenlijk,heel,barry hayze,gaan,beetje,komt,team,maxima
208,heel,nee,witteveen,eigenlijk,johan witteveen,mensen,nou,jong,meneer witteveen,goed,allemaal,beetje,ziet,heel goed,komt,johan witteveen oogt,mee,vind,koning,gaan
209,amersfoort,nee,koningsdag,blijven wachten,heel,prins maurits,prins,amalia,groothertog jean,wachten,tijd,prins william,goed,prins maurits stond,heel goed,jean,koning,blijven,heel koningsdag,soms
210,tijd voor max,npo ondertiteling,otten,henk otten,kamp westerbork,max,tijd,ondertiteling,wilders,kamerata string orchestra,informatie,otten blijft,politie,npo,heer otten blijft,janny,heijden,jaar,straks in tijd,kamer
211,heel,tineke trofee,cindy,vrouwen,tineke,verhaal,miranda,miranda heijdra,tineke trofee gekregen,jaar,goed,eigenlijk heel kwetsbaar,zitten,kamerata zuid,gaat,eigenlijk heel,geld,maak,graag,alexandra
212,meneer de vries,mevrouw kappert,vries,mevrouw kappert gaat,kappert,meneer,one kiss,mevrouw heuvelink zit,mevrouw,mevrouw heuvelink,vries zit,goed,mevrouw kappert zit,kijk,gaat,mee,heuvelink,vries gaat,one,vries komt
213,henk otten,jaar,otten,willen,medewerkers,gaat,baudet,water,prodemos,nos,kamer,onderzoek,abn amro,zwembad,thierry baudet,mensen,npo,maken,zes,zes medewerkers
214,kook mee,kook,mee met max,max,mee,kippendijenfilet,coq au vin,max maken,vin,welkom bij kook,spekjes,coq,allemaal,maken,stap,vandaag staat,welkom,vandaag,franse,kook je mee
215,nederland,vereniging aanpak tellerfraude,insecten,gaat,school,auto,duitsland,heel,nederlandse,nieuwe,vereniging aanpak,ijshockey,aanpak tellerfraude,joep,pieter zeemanschool,autojournalist carlo brandtsen,tellerfraude,jaar,soort,dak
216,nederland,vereniging aanpak tellerfraude,insecten,gaat,school,auto,duitsland,heel,nederlandse,nieuwe,vereniging aanpak,ijshockey,aanpak tellerfraude,joep,pieter zeemanschool,autojournalist carlo brandtsen,tellerfraude,jaar,soort,dak
217,titus,heel,adelheid,jaar,mensen,adelheid roosen,lineke rijxman,lineke,the,kwam,theatermaker adelheid roosen,actrices adelheid roosen,actrices lineke rijxman,ging,zeggen,astrid,koninginnedag,gaat,dag,maken
218,titus,heel,adelheid,mensen,adelheid roosen,jaar,lineke rijxman,lineke,the,kwam,theatermaker adelheid roosen,actrices adelheid roosen,actrices lineke rijxman,ging,dag,zeggen,gaat,senna,formule,maken
219,johannes post,vader,jan wildschut,anne de vries,nee,moeder,johannes,denk,nou,god,heel,verzetsheld johannes post,post,wildschut,jan,weet,anne,vries,volgens,vader nou
220,jeffrey,john en sandy,diana,moeder,martina,john,sandy,echt,jaar,vader,broer jeffrey,eigenlijk,ronald,heel,duitsland,suriname,spoorloos diana vader,broer,martina en doris,doris
221,heel,groningen,tom,tom olsen,jason walters,nederland,jason,jezidi,zwolle,ajax,mensen,belandt tom olsen,pec zwolle,pec,hotel mumbai,echt heel erg,echt heel,jason walters zien,werkt jason walters,goed
222,jaar,mensen,echt,gaat,zien,nee,zag,new york,koningsdag,meteen,moment,gaan,heel,jandino asporaat,witte stof,dank,maken,weet,roken,denk
223,mensen,jaar,gaat,auto,moment,zien,gaan,new york,mensen staan,echt,roken,weet,nederland,staan,mee,nee,zag,rico,per dag,ging
224,mensen,jaar,gaat,auto,moment,gaan,zien,new york,mensen staan,mee,weet,nederland,echt,roken,school,nee,zag,rico,staan,kijken
225,jaap blonk,podium witteman,gaan,muziek,vreemde klanken,jaap,heel,spelen,radio,jaar,beethoven,ricciotti,mike,elkaar,woppert,rosanne,heel goed,nederlandse,paul,dank
226,otten,heel,henk otten,ajax,paul cliteur,groningen,baudet,mensen,goed,jezidi,forum,nederland,tom,frans timmermans,cliteur,europese,jason walters,gaat,forum baudet,thierry baudet
227,sri lanka,slachtoffers,prodemos,nos,willen,loya jirga,medewerkers,jaar,leidinggevende,sri,lanka,taliban,land,zeggen,zaak,huis,loya,jirga,aanslagen,rokers
228,europese,europese commissie,stem,mensen,patienten,ziekenhuis,jaar,europese verkiezingen,europese unie,academisch ziekenhuis,zorg,willen,frans timmermans,debat,staat,maasziekenhuis,nederland,academisch,radboud academisch huis,water
229,nederland,jezidi,ajax,paul cliteur,groningen,cliteur,irak,champions league,tottenham hotspur,pec zwolle,pec,heel,tom,tom olsen,baudet,noor tom olsen,thierry baudet,jason walters,europese,noor tom
230,laatste twee keer,vier keer,vier,diep,laatste twee,laatste,twee keer,vier keer veren,keer,been,twee,laatste vier keer,laatste vier,laatste keer,voren,doe maar mee,achterste,doe,acht keer,acht
231,heel goed,goed,gaan,heel,nou,inderdaad,nummer,fout,inderdaad goed,nee,max geheugentrainer,edelman,max,zien,fout inderdaad,leger des heils,stap,dank,hoor,leuk
232,justitie rod rosenstein,rosenstein,rod rosenstein,europese commissie,tottenham hotspur,jongeren,rosenstein stelde,mensen,tottenham,ajax,commissie,frans timmermans,europese,bas eickhout,trump,nederland,champions league,rosenstein hield,manfred weber,debat
233,champions league,npo ondertiteling,ajax,goedemorgen nederland,nederland,zwolle,mensen,gaat,elco brinkman,ondertiteling,openbaar ministerie gaat,openbaar ministerie,japanse keizer akihito,pec zwolle,zwolle gaat,league,champions,japanse,groningen,jongeren
234,champions league,zwolle,ajax,pec zwolle,openbaar ministerie gaat,gaat,zwolle gaat,groningen,openbaar ministerie,league,champions,europese,europese commissie,belgische koning,laten,rosenstein,nikki herr mooie,ajax wint,overwinning,mooie dag
235,japanse keizer akihito,japanse,rosenstein,mensen,jongeren,rod rosenstein,japanse keizer,akihito,vrijwilligers,trump,keizer,keizer akihito,jeugdzorg,onderzoek,nederland,robert mueller,japanse tempel,japanse wet,houden,troon
236,japanse keizer akihito,japanse,rosenstein,mensen,jongeren,rod rosenstein,japanse keizer,champions league,vrijwilligers,akihito,trump,keizer,ajax,winnen,keizer akihito,jeugdzorg,gaat,onderzoek,zin,nederland
237,champions league,japanse keizer akihito,ajax,champions,jongeren,league,japanse,mensen,nederland,jeugdzorg,winnen,japanse keizer,ajax wint,gaat,keizer,vrijwilligers,akihito,keizer akihito,tottenham,nederland krijgen
238,japanse keizer akihito,rosenstein,ajax,jongeren,champions league,japanse,mensen,tottenham hotspur,tottenham,onderzoek,champions,league,nederland,jeugdzorg,rosenstein stelde,japanse keizer,dag,keizer,vrijwilligers,jeffrey rosen
239,champions league,champions,league,rosenstein,rod rosenstein,ajax,npo ondertiteling,tottenham hotspur,rosenstein stelde,ajax wint,trump,tottenham,winnen,onderzoek,dag,gaat,japanse,league tegen tottenham,mooie dag,jeffrey rosen
240,champions league,ajax,champions,league,npo ondertiteling,ajax wint,winnen,japanse keizer akihito,japanse,mooie dag,wint de champions,tottenham,overwinning,rosenstein,gaat,dag,jongeren,npo,ondertiteling,wint
241,champions league,ajax,zwolle,europese commissie,gaat,mensen,pec zwolle,nederland,jongeren,zwolle gaat,rosenstein,europese,groningen,league,champions,openbaar ministerie,japanse,jeugdzorg,jaar,belgische koning
242,champions league,ajax,zwolle,gaat,mensen,europese commissie,pec zwolle,zwolle gaat,nederland,jongeren,groningen,league,openbaar ministerie,champions,rosenstein,europese,japanse,jeugdzorg,jaar,ajax wint
243,japanse keizer akihito,mensen,japanse,jongeren,nederland,japanse keizer,max,akihito,keizer,npo ondertiteling,keizer akihito,goedemorgen nederland,werken,vrijwilligers,jeugdzorg,nederland krijgen,keizerlijk paleis,japanse wet,bloed,max gebrekkig
244,mensen,japanse keizer akihito,japanse,daarnaast werken,vrijwilligers,gemeenten,zeggen,werken,nederland,jongeren,limburg-zuid,daarnaast,max,akihito,zien,japanse keizer,korpsen,tijd,moeilijk,keizer
245,champions league,ajax,zwolle,ajax wint,mensen,league,champions,pec zwolle,gaat,rosenstein,jongeren,groningen,wint de champions,belgische koning,wedstrijd,nederland,zien,jaar,zwolle gaat,jeugdzorg
246,hee,hee hee,anthony,goed,pegasus,bergsche maas,heusden,stap,antwoord,maas,weet anthony,weet,meter,gaat,kijk,bakker,vandaag,bergsche,word wakker,zee
247,vader,moeder,denk,johannes post,heel,thea,nee,mensen,weet,anne de vries,vrouw,johannes,gaan,mee,nou,eigenlijk,echt,post,heel nederland eigenlijk,jan wildschut
248,champions league,ajax,mensen,ajax wint,league,champions,christchurch,japanse,japanse keizer akihito,rosenstein,max,npo ondertiteling,helft,jongeren,tijd,ajax leeft,frans timmermans,bas eickhout,jeugdzorg,ondertiteling
249,heel,leuk,jaar,goed,vrouwen,verhaal,vind,cindy,amira,vond,geld,kwam,heel leuk,born free,nee,heel erg leuk,born free generatie,gaat,alexandra,heel goed
250,champions league,ajax,japanse keizer akihito,jongeren,akihito,mensen,league,champions,jeugdzorg,ajax wint,zien,keizer,rosenstein,japanse,camera,keizer akihito,werken,japanse keizer,rod rosenstein,gaat
251,champions league,ajax,league,champions,mensen,ajax wint,japanse keizer akihito,akihito,jongeren,zien,wint de champions,keizer,jeugdzorg,japanse,werken,graden,gaat,rosenstein,ajax leeft,nijmegen
252,champions league,ajax,mensen,jongeren,league,champions,gaat,smartphone,ajax wint,akihito,japanse keizer akihito,zien,dagen,dag,gaan,wint de champions,keizer,jeugdzorg,japanse,werken
253,smartphone,telefoon,mensen,denk,jongeren,gaat,heel,zit,gaan,aandacht,echt,mee,tijd,goed,zien,weet,bezig,nee,detox,telefoon zit
254,smartphone,telefoon,tijd,denk,jongeren,echt,aandacht,mensen,heel,mee,gaat,gaan,zit,goed,zien,bezig,weet,kijken,nodig,maken
255,mevrouw,heel,sabino bouw,euro,komt,kozijnen,slotenmaker,geld,mensen,max ombudsman,mevrouw van weeghel,mee,weeghel,bouw,meneer,politiekeurmerk veilig wonen,gaan,maken,gaat,slot
256,lekker,huis,echt,gaat,boomgaard,luuk,zierikzee,amsterdam,zierikzee wonen luuk,zitten,vis,doe,kijk,allemaal,komen,smaak,zit,gaan,zalm,yolande
257,tottenham hotspur,tottenham,champions league,groningen,ajax,japanse keizer akihito,gaat,hotspur,russische,louis van gaal,champions,league,russische marine,militaire,china,japanse,akihito,ajax heel goed,zwolle,raad van state
258,meneer kamal,abn amro,meneer kamal woont,heel,gaan,mitros,leven-keurmerk,abn,rico,kamal,mensen,kamal komt mitros,meneer,eigenlijk,gaat,toezicht,ster,jaar,melk,meneer kamal komt
259,groningen,tottenham,padt,ajax,real madrid,bal,zwolle,tottenham hotspur,graden,barcelona,kwam groningen,real,madrid,ajax heel goed,gaat,wedstrijd,goed,tottenham winnen,ajax heel,louis van gaal
260,russische,japanse keizer akihito,russische marine,militaire,president maduro,china,japanse,camera,nederland,mensen,president trump,akihito,president,militaire kennis,onderzoek,keizer,jaar,morgen,intertoys,nieuwe
261,raad van state,russische,militaire,russische marine,nederland,politie,china,japanse keizer akihito,militaire kennis,president maduro,onderzoek,mensen,jaar,openbaar ministerie,gaat,president,president trump,camera,russische marine geeft,keizer
262,japanse keizer akihito,russische,russische marine,onderzoek,nederland,militaire,politie,china,president trump,akihito,militaire kennis,jaar,japanse,openbaar ministerie,keizer,russische marine geeft,keizer akihito,camera,mensen,japanse keizer
263,president trump,russische marine,russische,graden,trump,nieuwe,intertoys,franchisers,amerikaanse,russische marine geeft,dier,morgen,noorse,npo ondertiteling,russische inmenging,president,justitie rosenstein,robert mueller,helft,zon
264,new york,mensen,zien,moment,mensen staan,york,new,jaar,amerika,ging,kijken,laten zien,new york puilt,staan,dank,friends in new,laten,auto,gaat,gaan
265,new york,mensen,zien,moment,mensen staan,york,jaar,new,amerika,ging,kijken,laten zien,new york puilt,staan,dank,friends in new,nee,auto,gaat,gaan
266,dave,pieter,stefano,dave en stefano,eva en pieter,goed,eva,gaan,gaat,nee,week,leiding gaan eva,denk,gaan eva,vind,hoger,per goed antwoord,echt,thierry baudet,goed antwoord
267,dave,pieter,stefano,dave en stefano,eva en pieter,goed,eva,gaan,gaat,nee,week,leiding gaan eva,denk,gaan eva,vind,hoger,per goed antwoord,echt,thierry baudet,goed antwoord
268,koninginnedag,wilhelmina,juliana,koningin,beatrix,koningin juliana,jaar,papoea koninginnedag,heel,koningin wilhelmina,wilhelmina koningin,koninginnedag zien,nederland,wilhelmina zit,zien,nederlandse,dochter juliana,mensen,nederlanders,dag
269,ajax,heel,ajax blijft kampioen,ajax blijft,ajax blijft favoriet,laat,zout,mensen,nederlandse,ajax is kampioen,ajax schiet,nederland,gaat,ajax amsterdam,heel nederland,kampioen,europese,ajax wint,twee,john van loen
270,ajax,heel,ajax blijft kampioen,ajax blijft,ajax blijft favoriet,laat,zout,mensen,nederlandse,gaat,nederland,heel nederland,ajax schiet,ajax amsterdam,ajax is kampioen,europese,twee,kampioen,utrecht,londen
271,ajax,tottenham hotspur,opa frits,opa,tottenham,gaan,tim,keizer,heel,nico nico tagliafico,silver metz,gaat ajax winnen,gaat,frits,japanse,mensen,japanse keizer,gaat ajax,japan,applaus
272,ajax,tottenham hotspur,opa frits,opa,tottenham,gaan,tim,keizer,heel,nico nico tagliafico,gaat ajax winnen,gaat,japanse,mensen,frits,japanse keizer,gaat ajax,silver metz,applaus,japanse keizer akihito
273,heel europa komen,heel,mensen,guaido,president maduro,jaar,brouwerseiland,komen,tweede kamer,heel europa,maduro,gaat,echt heel goed,echt,heel goed,keizer,europa komen,camera,straf,leger
274,anmar hussin,man,mannen,auto,anmar,slachtoffer,dader,twee mannen,hussin,anmar hussin zoekt,rotterdammer anmar hussin,twee,politie,beelden,mevrouw,mensen,vrouw,mevrouw ballast,daders,anmar hussin zat
275,eten,heel,bram som,voeding,gaan,supplementen,eigenlijk,goed,heel goed,echt,gaat,nodig,allemaal,som,dieet,bram,kampioen bram som,mensen,zitten,weet
276,heel,bijbel,utrecht overvecht,kinderen,bezit,jezus,utrecht,eigenlijk,vader,tekst,vind,god,overvecht,huizen,ondertiteling,vond,houding,mee,moeilijk,zegt
277,guaido,mensen,kinderen,jaar,miljoen,maduro,miljoen mensen,premier modi,gaat,bevolking,morgen,leopoldo lopez,heel,nodig,nederland,modi,senna,leven,miljoen heel snel,ayrton senna
278,beek,ajax,mueller,mueller stuurde barr,berend botje,barr,tottenham hotspur,tottenham,justitie minister barr,kinderen,justitie barr meldde,londen,neres,venezuela,guaido,justitie barr,naruhito,mazraoui,japan,maduro
279,beek,justitie minister barr,japan,tottenham hotspur,barr,naruhito,mueller stuurde barr,mueller,ajax,tottenham,npo ondertiteling,justitie barr meldde,justitie barr,nieuwe,maduro,nos journaal,nieuwe keizer,live ondertiteld,kinderen,programma werd live
280,beek,ajax,nos journaal,barack obama,verslaggever tanja braun,mensen,terug,omstreden uitspraak waarmee,venezuela,the,justitie-minister barr,vraag of barack,beek passeert lloris,kinderen,volgende nos journaal,barr,berend botje,journaal,nos,verslaggever tanja
281,beek,tottenham hotspur,kinderopvangorganisatie berend botje,berend botje,ajax,tottenham,beek passeert lloris,kinderen,venezolaanse president maduro,maduro,president maduro,londen,guaido,mazraoui,neres,kinderopvangorganisatie berend,berend,botje,hotspur,beek passeert
282,beek,tottenham hotspur,kinderopvangorganisatie berend botje,berend botje,ajax,tottenham,beek passeert lloris,kinderen,londen,neres,volgende nos journaal,volgende,mazraoui,kinderopvangorganisatie berend,johan cruijff arena,volgende week,berend,botje,hotspur,beek passeert
283,mali,goedemorgen nederland,vijf jaar,nederlandse,heel,mali heel fijn,vijf,missie,ajax,jaar,nederland,vandaag,mali heel,esther voet,rotterdam,nederlandse bijdrage,ruim vijf jaar,esther,mensen,vijf nederlandse doden
284,beek,justitie minister barr,ajax,berend botje,minister barr,naruhito,donny,justitie minister,barr,mueller,the,kinderen,tottenham hotspur,mueller stuurde barr,beek passeert lloris,justitie barr,the daily mail,kinderopvangorganisatie berend botje,mensen,justitie
285,herdenken,heel,npo radio,npo ondertiteling,jaar,npo,winterswijk,ajax,duitsers,gaat,vieren,john williams,live ondertiteld,programma werd live,volgend jaar,vinden,vrijheid,gaat herdenken,nederlanders,herdenking
286,beek,justitie minister barr,ajax,beek passeert lloris,tottenham hotspur,berend botje,minister barr,justitie minister,kinderen,tottenham,kinderopvangorganisatie berend botje,donny,barr,mueller,beek passeert,londen,justitie barr,mueller stuurde barr,deurwaarders,champions league
287,ajax,tottenham hotspur,tottenham,gaan,opa frits,silver metz,opa,gaat ajax winnen,gaat ajax,champions league,heel,ajax gaat winnen,japanse,mensen,gaat,tim,frits,applaus,ajax gaat,silver
288,ajax,tottenham hotspur,tottenham,gaan,opa frits,silver metz,opa,gaat ajax winnen,gaat ajax,champions league,heel,ajax gaat winnen,japanse,mensen,gaat,tim,frits,applaus,ajax gaat,silver
289,kinderen,beek,tweede,gaat,prediker steven anderson,tweede kamer,juridisch geregeld,anderson,shell,gisteravond,steven,steven anderson,ajax,prediker steven,juridisch,geregeld,vrouw,tottenham,londen,mazraoui
290,gaat,wall of fame,heel,uur,beek,kinderen,kook mee,volgende,volgende journaal,boerenkool,mee,kook,fame onthuld,gisteravond,knoflook,ajax,volgende week,maken,zien,programma opsporing verzocht
291,tottenham hotspur,kinderen,tottenham,beek,berend botje,naruhito,japan,heel,gaat,agressie,shell,ouders,ajax,juridisch geregeld,eigenlijk,juridisch,geregeld,hotspur,aantal,namen
292,tottenham hotspur,ajax,tottenham,kinderen,beek,heel,berend botje,gaat,naruhito,japan,londen,agressie,shell,helft,mensen,ouders,juridisch geregeld,eigenlijk,juridisch,geregeld
293,johan cruijff arena,ajax,semenya,volgende nos journaal,tottenham,npo ondertiteling,nos journaal,graden,londen,atletiekfederatie,caster semenya,cruijff arena,johan cruijff,finale,cas,helft,premier league,volgende nos,zaak,speelt
294,ajax,finale,halve finale,liverpool,liverpool speelt virgil,acht dagen,speelt,liverpool speelt,halve,champions league,virgil van dijk,engeland,league,nou,tottenham,halve finale gaat,liverpool maakt,speelt virgil,jaar,joep schreuder
295,shell,volgens,naruhito,japan,nos journaal,volgens harbers,anderson,gaat,graden,atletiekfederatie,nieuwe,semenya,vier,vier nigeriaanse,prediker steven anderson,harbers,soms,volgende nos journaal,agressie,nieuwe keizer
296,ajax,tottenham hotspur,tottenham,londen,beek,gaat,berend botje,kinderen,nos journaal,shell,heel,neres,helft,naruhito,japan,semenya,ajax wint,finale,tweede,hotspur
297,mevrouw timmer,rusland,rusland david jan,venezuela,gaan,maduro,ontvoerd,mevrouw,russen,gaat,nederland,europees,heel,europees arrestatiebevel,arrestatiebevel,kinderen,vader,nee,amerikanen,rusland david
